ticker,company_name,index_memberships,sector,industry,theme,source,universe_tier,active,last_updated,source_updated_at
MMM,3M,S&P 500,Industrials,Industrial Conglomerates,,wikipedia_sp500,,TRUE,2026-05-25,2026-05-25
AOS,A. O. Smith,S&P 500,Industrials,Building Products,,wikipedia_sp500,,TRUE,2026-05-25,2026-05-25
ABT,Abbott Laboratories,S&P 500,Health Care,Health Care Equipment,,wikipedia_sp500,,TRUE,2026-05-25,2026-05-25
ABBV,AbbVie,S&P 500,Health Care,Biotechnology,,wikipedia_sp500,,TRUE,2026-05-25,2026-05-25
ACN,Accenture,S&P 500,Information Technology,IT Consulting & Other Services,,wikipedia_sp500,,TRUE,2026-05-25,2026-05-25
ADBE,Adobe Inc.,S&P 500,Information Technology,Application Software,,wikipedia_sp500,,TRUE,2026-05-25,2026-05-25
AMD,Advanced Micro Devices,S&P 500,Information Technology,Semiconductors,,wikipedia_sp500,,TRUE,2026-05-25,2026-05-25
AES,AES Corporation,S&P 500,Utilities,Independent Power Producers & Energy Traders,,wikipedia_sp500,,TRUE,2026-05-25,2026-05-25
AFL,Aflac,S&P 500,Financials,Life & Health Insurance,,wikipedia_sp500,,TRUE,2026-05-25,2026-05-25
A,Agilent Technologies,S&P 500,Health Care,Life Sciences Tools & Services,,wikipedia_sp500,,TRUE,2026-05-25,2026-05-25
APD,Air Products,S&P 500,Materials,Industrial Gases,,wikipedia_sp500,,TRUE,2026-05-25,2026-05-25
ABNB,Airbnb,S&P 500,Consumer Discretionary,"Hotels, Resorts & Cruise Lines",,wikipedia_sp500,,TRUE,2026-05-25,2026-05-25
AKAM,Akamai Technologies,S&P 500,Information Technology,Internet Services & Infrastructure,,wikipedia_sp500,,TRUE,2026-05-25,2026-05-25
ALB,Albemarle Corporation,S&P 500,Materials,Specialty Chemicals,,wikipedia_sp500,,TRUE,2026-05-25,2026-05-25
ARE,Alexandria Real Estate Equities,S&P 500,Real Estate,Office REITs,,wikipedia_sp500,,TRUE,2026-05-25,2026-05-25
ALGN,Align Technology,S&P 500,Health Care,Health Care Supplies,,wikipedia_sp500,,TRUE,2026-05-25,2026-05-25
ALLE,Allegion,S&P 500,Industrials,Building Products,,wikipedia_sp500,,TRUE,2026-05-25,2026-05-25
LNT,Alliant Energy,S&P 500,Utilities,Electric Utilities,,wikipedia_sp500,,TRUE,2026-05-25,2026-05-25
ALL,Allstate,S&P 500,Financials,Property & Casualty Insurance,,wikipedia_sp500,,TRUE,2026-05-25,2026-05-25
GOOGL,Alphabet Inc. (Class A),S&P 500,Communication Services,Interactive Media & Services,,wikipedia_sp500,,TRUE,2026-05-25,2026-05-25
GOOG,Alphabet Inc. (Class C),S&P 500,Communication Services,Interactive Media & Services,,wikipedia_sp500,,TRUE,2026-05-25,2026-05-25
MO,Altria,S&P 500,Consumer Staples,Tobacco,,wikipedia_sp500,,TRUE,2026-05-25,2026-05-25
AMZN,Amazon,S&P 500,Consumer Discretionary,Broadline Retail,,wikipedia_sp500,,TRUE,2026-05-25,2026-05-25
AMCR,Amcor,S&P 500,Materials,Paper & Plastic Packaging Products & Materials,,wikipedia_sp500,,TRUE,2026-05-25,2026-05-25
AEE,Ameren,S&P 500,Utilities,Multi-Utilities,,wikipedia_sp500,,TRUE,2026-05-25,2026-05-25
AEP,American Electric Power,S&P 500,Utilities,Electric Utilities,,wikipedia_sp500,,TRUE,2026-05-25,2026-05-25
AXP,American Express,S&P 500,Financials,Consumer Finance,,wikipedia_sp500,,TRUE,2026-05-25,2026-05-25
AIG,American International Group,S&P 500,Financials,Multi-line Insurance,,wikipedia_sp500,,TRUE,2026-05-25,2026-05-25
AMT,American Tower,S&P 500,Real Estate,Telecom Tower REITs,,wikipedia_sp500,,TRUE,2026-05-25,2026-05-25
AWK,American Water Works,S&P 500,Utilities,Water Utilities,,wikipedia_sp500,,TRUE,2026-05-25,2026-05-25
AMP,Ameriprise Financial,S&P 500,Financials,Asset Management & Custody Banks,,wikipedia_sp500,,TRUE,2026-05-25,2026-05-25
AME,Ametek,S&P 500,Industrials,Electrical Components & Equipment,,wikipedia_sp500,,TRUE,2026-05-25,2026-05-25
AMGN,Amgen,S&P 500,Health Care,Biotechnology,,wikipedia_sp500,,TRUE,2026-05-25,2026-05-25
APH,Amphenol,S&P 500,Information Technology,Electronic Components,,wikipedia_sp500,,TRUE,2026-05-25,2026-05-25
ADI,Analog Devices,S&P 500,Information Technology,Semiconductors,,wikipedia_sp500,,TRUE,2026-05-25,2026-05-25
AON,Aon plc,S&P 500,Financials,Insurance Brokers,,wikipedia_sp500,,TRUE,2026-05-25,2026-05-25
APA,APA Corporation,S&P 500,Energy,Oil & Gas Exploration & Production,,wikipedia_sp500,,TRUE,2026-05-25,2026-05-25
APO,Apollo Global Management,S&P 500,Financials,Asset Management & Custody Banks,,wikipedia_sp500,,TRUE,2026-05-25,2026-05-25
AAPL,Apple Inc.,S&P 500,Information Technology,"Technology Hardware, Storage & Peripherals",,wikipedia_sp500,,TRUE,2026-05-25,2026-05-25
AMAT,Applied Materials,S&P 500,Information Technology,Semiconductor Materials & Equipment,,wikipedia_sp500,,TRUE,2026-05-25,2026-05-25
APP,AppLovin,S&P 500,Information Technology,Application Software,,wikipedia_sp500,,TRUE,2026-05-25,2026-05-25
APTV,Aptiv,S&P 500,Consumer Discretionary,Automotive Parts & Equipment,,wikipedia_sp500,,TRUE,2026-05-25,2026-05-25
ACGL,Arch Capital Group,S&P 500,Financials,Property & Casualty Insurance,,wikipedia_sp500,,TRUE,2026-05-25,2026-05-25
ADM,Archer Daniels Midland,S&P 500,Consumer Staples,Agricultural Products & Services,,wikipedia_sp500,,TRUE,2026-05-25,2026-05-25
ARES,Ares Management,S&P 500,Financials,Asset Management & Custody Banks,,wikipedia_sp500,,TRUE,2026-05-25,2026-05-25
ANET,Arista Networks,S&P 500,Information Technology,Communications Equipment,,wikipedia_sp500,,TRUE,2026-05-25,2026-05-25
AJG,Arthur J. Gallagher & Co.,S&P 500,Financials,Insurance Brokers,,wikipedia_sp500,,TRUE,2026-05-25,2026-05-25
AIZ,Assurant,S&P 500,Financials,Multi-line Insurance,,wikipedia_sp500,,TRUE,2026-05-25,2026-05-25
T,AT&T,S&P 500,Communication Services,Integrated Telecommunication Services,,wikipedia_sp500,,TRUE,2026-05-25,2026-05-25
ATO,Atmos Energy,S&P 500,Utilities,Gas Utilities,,wikipedia_sp500,,TRUE,2026-05-25,2026-05-25
ADSK,Autodesk,S&P 500,Information Technology,Application Software,,wikipedia_sp500,,TRUE,2026-05-25,2026-05-25
ADP,Automatic Data Processing,S&P 500,Industrials,Human Resource & Employment Services,,wikipedia_sp500,,TRUE,2026-05-25,2026-05-25
AZO,AutoZone,S&P 500,Consumer Discretionary,Automotive Retail,,wikipedia_sp500,,TRUE,2026-05-25,2026-05-25
AVB,AvalonBay Communities,S&P 500,Real Estate,Multi-Family Residential REITs,,wikipedia_sp500,,TRUE,2026-05-25,2026-05-25
AVY,Avery Dennison,S&P 500,Materials,Paper & Plastic Packaging Products & Materials,,wikipedia_sp500,,TRUE,2026-05-25,2026-05-25
AXON,Axon Enterprise,S&P 500,Industrials,Aerospace & Defense,,wikipedia_sp500,,TRUE,2026-05-25,2026-05-25
BKR,Baker Hughes,S&P 500,Energy,Oil & Gas Equipment & Services,,wikipedia_sp500,,TRUE,2026-05-25,2026-05-25
BALL,Ball Corporation,S&P 500,Materials,"Metal, Glass & Plastic Containers",,wikipedia_sp500,,TRUE,2026-05-25,2026-05-25
BAC,Bank of America,S&P 500,Financials,Diversified Banks,,wikipedia_sp500,,TRUE,2026-05-25,2026-05-25
BAX,Baxter International,S&P 500,Health Care,Health Care Equipment,,wikipedia_sp500,,TRUE,2026-05-25,2026-05-25
BDX,Becton Dickinson,S&P 500,Health Care,Health Care Equipment,,wikipedia_sp500,,TRUE,2026-05-25,2026-05-25
BRK-B,Berkshire Hathaway,S&P 500,Financials,Multi-Sector Holdings,,wikipedia_sp500,,TRUE,2026-05-25,2026-05-25
BBY,Best Buy,S&P 500,Consumer Discretionary,Computer & Electronics Retail,,wikipedia_sp500,,TRUE,2026-05-25,2026-05-25
TECH,Bio-Techne,S&P 500,Health Care,Life Sciences Tools & Services,,wikipedia_sp500,,TRUE,2026-05-25,2026-05-25
BIIB,Biogen,S&P 500,Health Care,Biotechnology,,wikipedia_sp500,,TRUE,2026-05-25,2026-05-25
BLK,BlackRock,S&P 500,Financials,Asset Management & Custody Banks,,wikipedia_sp500,,TRUE,2026-05-25,2026-05-25
BX,Blackstone Inc.,S&P 500,Financials,Asset Management & Custody Banks,,wikipedia_sp500,,TRUE,2026-05-25,2026-05-25
XYZ,"Block, Inc.",S&P 500,Financials,Transaction & Payment Processing Services,,wikipedia_sp500,,TRUE,2026-05-25,2026-05-25
BNY,BNY Mellon,S&P 500,Financials,Asset Management & Custody Banks,,wikipedia_sp500,,TRUE,2026-05-25,2026-05-25
BA,Boeing,S&P 500,Industrials,Aerospace & Defense,,wikipedia_sp500,,TRUE,2026-05-25,2026-05-25
BKNG,Booking Holdings,S&P 500,Consumer Discretionary,"Hotels, Resorts & Cruise Lines",,wikipedia_sp500,,TRUE,2026-05-25,2026-05-25
BSX,Boston Scientific,S&P 500,Health Care,Health Care Equipment,,wikipedia_sp500,,TRUE,2026-05-25,2026-05-25
BMY,Bristol Myers Squibb,S&P 500,Health Care,Pharmaceuticals,,wikipedia_sp500,,TRUE,2026-05-25,2026-05-25
AVGO,Broadcom,S&P 500,Information Technology,Semiconductors,,wikipedia_sp500,,TRUE,2026-05-25,2026-05-25
BR,Broadridge Financial Solutions,S&P 500,Industrials,Data Processing & Outsourced Services,,wikipedia_sp500,,TRUE,2026-05-25,2026-05-25
BRO,Brown & Brown,S&P 500,Financials,Insurance Brokers,,wikipedia_sp500,,TRUE,2026-05-25,2026-05-25
BF-B,Brown–Forman,S&P 500,Consumer Staples,Distillers & Vintners,,wikipedia_sp500,,TRUE,2026-05-25,2026-05-25
BLDR,Builders FirstSource,S&P 500,Industrials,Building Products,,wikipedia_sp500,,TRUE,2026-05-25,2026-05-25
BG,Bunge Global,S&P 500,Consumer Staples,Agricultural Products & Services,,wikipedia_sp500,,TRUE,2026-05-25,2026-05-25
BXP,"BXP, Inc.",S&P 500,Real Estate,Office REITs,,wikipedia_sp500,,TRUE,2026-05-25,2026-05-25
CHRW,C.H. Robinson,S&P 500,Industrials,Air Freight & Logistics,,wikipedia_sp500,,TRUE,2026-05-25,2026-05-25
CDNS,Cadence Design Systems,S&P 500,Information Technology,Application Software,,wikipedia_sp500,,TRUE,2026-05-25,2026-05-25
CPT,Camden Property Trust,S&P 500,Real Estate,Multi-Family Residential REITs,,wikipedia_sp500,,TRUE,2026-05-25,2026-05-25
CPB,Campbell's Company (The),S&P 500,Consumer Staples,Packaged Foods & Meats,,wikipedia_sp500,,TRUE,2026-05-25,2026-05-25
COF,Capital One,S&P 500,Financials,Consumer Finance,,wikipedia_sp500,,TRUE,2026-05-25,2026-05-25
CAH,Cardinal Health,S&P 500,Health Care,Health Care Distributors,,wikipedia_sp500,,TRUE,2026-05-25,2026-05-25
CCL,Carnival Corporation,S&P 500,Consumer Discretionary,"Hotels, Resorts & Cruise Lines",,wikipedia_sp500,,TRUE,2026-05-25,2026-05-25
CARR,Carrier Global,S&P 500,Industrials,Building Products,,wikipedia_sp500,,TRUE,2026-05-25,2026-05-25
CVNA,Carvana,S&P 500,Consumer Discretionary,Automotive Retail,,wikipedia_sp500,,TRUE,2026-05-25,2026-05-25
CASY,Casey's,S&P 500,Consumer Staples,Food Retail,,wikipedia_sp500,,TRUE,2026-05-25,2026-05-25
CAT,Caterpillar Inc.,S&P 500,Industrials,Construction Machinery & Heavy Transportation Equipment,,wikipedia_sp500,,TRUE,2026-05-25,2026-05-25
CBOE,Cboe Global Markets,S&P 500,Financials,Financial Exchanges & Data,,wikipedia_sp500,,TRUE,2026-05-25,2026-05-25
CBRE,CBRE Group,S&P 500,Real Estate,Real Estate Services,,wikipedia_sp500,,TRUE,2026-05-25,2026-05-25
CDW,CDW Corporation,S&P 500,Information Technology,Technology Distributors,,wikipedia_sp500,,TRUE,2026-05-25,2026-05-25
COR,Cencora,S&P 500,Health Care,Health Care Distributors,,wikipedia_sp500,,TRUE,2026-05-25,2026-05-25
CNC,Centene Corporation,S&P 500,Health Care,Managed Health Care,,wikipedia_sp500,,TRUE,2026-05-25,2026-05-25
CNP,CenterPoint Energy,S&P 500,Utilities,Multi-Utilities,,wikipedia_sp500,,TRUE,2026-05-25,2026-05-25
CF,CF Industries,S&P 500,Materials,Fertilizers & Agricultural Chemicals,,wikipedia_sp500,,TRUE,2026-05-25,2026-05-25
CRL,Charles River Laboratories,S&P 500,Health Care,Life Sciences Tools & Services,,wikipedia_sp500,,TRUE,2026-05-25,2026-05-25
SCHW,Charles Schwab Corporation,S&P 500,Financials,Investment Banking & Brokerage,,wikipedia_sp500,,TRUE,2026-05-25,2026-05-25
CHTR,Charter Communications,S&P 500,Communication Services,Cable & Satellite,,wikipedia_sp500,,TRUE,2026-05-25,2026-05-25
CVX,Chevron Corporation,S&P 500,Energy,Integrated Oil & Gas,,wikipedia_sp500,,TRUE,2026-05-25,2026-05-25
CMG,Chipotle Mexican Grill,S&P 500,Consumer Discretionary,Restaurants,,wikipedia_sp500,,TRUE,2026-05-25,2026-05-25
CB,Chubb Limited,S&P 500,Financials,Property & Casualty Insurance,,wikipedia_sp500,,TRUE,2026-05-25,2026-05-25
CHD,Church & Dwight,S&P 500,Consumer Staples,Household Products,,wikipedia_sp500,,TRUE,2026-05-25,2026-05-25
CIEN,Ciena,S&P 500,Information Technology,Communications Equipment,,wikipedia_sp500,,TRUE,2026-05-25,2026-05-25
CI,Cigna,S&P 500,Health Care,Health Care Services,,wikipedia_sp500,,TRUE,2026-05-25,2026-05-25
CINF,Cincinnati Financial,S&P 500,Financials,Property & Casualty Insurance,,wikipedia_sp500,,TRUE,2026-05-25,2026-05-25
CTAS,Cintas,S&P 500,Industrials,Diversified Support Services,,wikipedia_sp500,,TRUE,2026-05-25,2026-05-25
CSCO,Cisco,S&P 500,Information Technology,Communications Equipment,,wikipedia_sp500,,TRUE,2026-05-25,2026-05-25
C,Citigroup,S&P 500,Financials,Diversified Banks,,wikipedia_sp500,,TRUE,2026-05-25,2026-05-25
CFG,Citizens Financial Group,S&P 500,Financials,Regional Banks,,wikipedia_sp500,,TRUE,2026-05-25,2026-05-25
CLX,Clorox,S&P 500,Consumer Staples,Household Products,,wikipedia_sp500,,TRUE,2026-05-25,2026-05-25
CME,CME Group,S&P 500,Financials,Financial Exchanges & Data,,wikipedia_sp500,,TRUE,2026-05-25,2026-05-25
CMS,CMS Energy,S&P 500,Utilities,Multi-Utilities,,wikipedia_sp500,,TRUE,2026-05-25,2026-05-25
KO,Coca-Cola Company (The),S&P 500,Consumer Staples,Soft Drinks & Non-alcoholic Beverages,,wikipedia_sp500,,TRUE,2026-05-25,2026-05-25
CTSH,Cognizant,S&P 500,Information Technology,IT Consulting & Other Services,,wikipedia_sp500,,TRUE,2026-05-25,2026-05-25
COHR,Coherent Corp.,S&P 500,Information Technology,Electronic Components,,wikipedia_sp500,,TRUE,2026-05-25,2026-05-25
COIN,Coinbase,S&P 500,Financials,Financial Exchanges & Data,,wikipedia_sp500,,TRUE,2026-05-25,2026-05-25
CL,Colgate-Palmolive,S&P 500,Consumer Staples,Household Products,,wikipedia_sp500,,TRUE,2026-05-25,2026-05-25
CMCSA,Comcast,S&P 500,Communication Services,Cable & Satellite,,wikipedia_sp500,,TRUE,2026-05-25,2026-05-25
FIX,Comfort Systems USA,S&P 500,Industrials,Construction & Engineering,,wikipedia_sp500,,TRUE,2026-05-25,2026-05-25
CAG,Conagra Brands,S&P 500,Consumer Staples,Packaged Foods & Meats,,wikipedia_sp500,,TRUE,2026-05-25,2026-05-25
COP,ConocoPhillips,S&P 500,Energy,Oil & Gas Exploration & Production,,wikipedia_sp500,,TRUE,2026-05-25,2026-05-25
ED,Consolidated Edison,S&P 500,Utilities,Multi-Utilities,,wikipedia_sp500,,TRUE,2026-05-25,2026-05-25
STZ,Constellation Brands,S&P 500,Consumer Staples,Distillers & Vintners,,wikipedia_sp500,,TRUE,2026-05-25,2026-05-25
CEG,Constellation Energy,S&P 500,Utilities,Electric Utilities,,wikipedia_sp500,,TRUE,2026-05-25,2026-05-25
COO,Cooper Companies (The),S&P 500,Health Care,Health Care Supplies,,wikipedia_sp500,,TRUE,2026-05-25,2026-05-25
CPRT,Copart,S&P 500,Industrials,Diversified Support Services,,wikipedia_sp500,,TRUE,2026-05-25,2026-05-25
GLW,Corning Inc.,S&P 500,Information Technology,Electronic Components,,wikipedia_sp500,,TRUE,2026-05-25,2026-05-25
CPAY,Corpay,S&P 500,Financials,Transaction & Payment Processing Services,,wikipedia_sp500,,TRUE,2026-05-25,2026-05-25
CTVA,Corteva,S&P 500,Materials,Fertilizers & Agricultural Chemicals,,wikipedia_sp500,,TRUE,2026-05-25,2026-05-25
CSGP,CoStar Group,S&P 500,Real Estate,Real Estate Services,,wikipedia_sp500,,TRUE,2026-05-25,2026-05-25
COST,Costco,S&P 500,Consumer Staples,Consumer Staples Merchandise Retail,,wikipedia_sp500,,TRUE,2026-05-25,2026-05-25
CRH,CRH plc,S&P 500,Materials,Construction Materials,,wikipedia_sp500,,TRUE,2026-05-25,2026-05-25
CRWD,CrowdStrike,S&P 500,Information Technology,Systems Software,,wikipedia_sp500,,TRUE,2026-05-25,2026-05-25
CCI,Crown Castle,S&P 500,Real Estate,Telecom Tower REITs,,wikipedia_sp500,,TRUE,2026-05-25,2026-05-25
CSX,CSX Corporation,S&P 500,Industrials,Rail Transportation,,wikipedia_sp500,,TRUE,2026-05-25,2026-05-25
CMI,Cummins,S&P 500,Industrials,Construction Machinery & Heavy Transportation Equipment,,wikipedia_sp500,,TRUE,2026-05-25,2026-05-25
CVS,CVS Health,S&P 500,Health Care,Health Care Services,,wikipedia_sp500,,TRUE,2026-05-25,2026-05-25
DHR,Danaher Corporation,S&P 500,Health Care,Life Sciences Tools & Services,,wikipedia_sp500,,TRUE,2026-05-25,2026-05-25
DRI,Darden Restaurants,S&P 500,Consumer Discretionary,Restaurants,,wikipedia_sp500,,TRUE,2026-05-25,2026-05-25
DDOG,Datadog,S&P 500,Information Technology,Application Software,,wikipedia_sp500,,TRUE,2026-05-25,2026-05-25
DVA,DaVita,S&P 500,Health Care,Health Care Services,,wikipedia_sp500,,TRUE,2026-05-25,2026-05-25
DECK,Deckers Brands,S&P 500,Consumer Discretionary,Footwear,,wikipedia_sp500,,TRUE,2026-05-25,2026-05-25
DE,Deere & Company,S&P 500,Industrials,Agricultural & Farm Machinery,,wikipedia_sp500,,TRUE,2026-05-25,2026-05-25
DELL,Dell Technologies,S&P 500,Information Technology,"Technology Hardware, Storage & Peripherals",,wikipedia_sp500,,TRUE,2026-05-25,2026-05-25
DAL,Delta Air Lines,S&P 500,Industrials,Passenger Airlines,,wikipedia_sp500,,TRUE,2026-05-25,2026-05-25
DVN,Devon Energy,S&P 500,Energy,Oil & Gas Exploration & Production,,wikipedia_sp500,,TRUE,2026-05-25,2026-05-25
DXCM,Dexcom,S&P 500,Health Care,Health Care Equipment,,wikipedia_sp500,,TRUE,2026-05-25,2026-05-25
FANG,Diamondback Energy,S&P 500,Energy,Oil & Gas Exploration & Production,,wikipedia_sp500,,TRUE,2026-05-25,2026-05-25
DLR,Digital Realty,S&P 500,Real Estate,Data Center REITs,,wikipedia_sp500,,TRUE,2026-05-25,2026-05-25
DG,Dollar General,S&P 500,Consumer Staples,Consumer Staples Merchandise Retail,,wikipedia_sp500,,TRUE,2026-05-25,2026-05-25
DLTR,Dollar Tree,S&P 500,Consumer Staples,Consumer Staples Merchandise Retail,,wikipedia_sp500,,TRUE,2026-05-25,2026-05-25
D,Dominion Energy,S&P 500,Utilities,Multi-Utilities,,wikipedia_sp500,,TRUE,2026-05-25,2026-05-25
DPZ,Domino's,S&P 500,Consumer Discretionary,Restaurants,,wikipedia_sp500,,TRUE,2026-05-25,2026-05-25
DASH,DoorDash,S&P 500,Consumer Discretionary,Specialized Consumer Services,,wikipedia_sp500,,TRUE,2026-05-25,2026-05-25
DOV,Dover Corporation,S&P 500,Industrials,Industrial Machinery & Supplies & Components,,wikipedia_sp500,,TRUE,2026-05-25,2026-05-25
DOW,Dow Inc.,S&P 500,Materials,Commodity Chemicals,,wikipedia_sp500,,TRUE,2026-05-25,2026-05-25
DHI,D. R. Horton,S&P 500,Consumer Discretionary,Homebuilding,,wikipedia_sp500,,TRUE,2026-05-25,2026-05-25
DTE,DTE Energy,S&P 500,Utilities,Multi-Utilities,,wikipedia_sp500,,TRUE,2026-05-25,2026-05-25
DUK,Duke Energy,S&P 500,Utilities,Electric Utilities,,wikipedia_sp500,,TRUE,2026-05-25,2026-05-25
DD,DuPont,S&P 500,Materials,Specialty Chemicals,,wikipedia_sp500,,TRUE,2026-05-25,2026-05-25
ETN,Eaton Corporation,S&P 500,Industrials,Electrical Components & Equipment,,wikipedia_sp500,,TRUE,2026-05-25,2026-05-25
EBAY,eBay Inc.,S&P 500,Consumer Discretionary,Broadline Retail,,wikipedia_sp500,,TRUE,2026-05-25,2026-05-25
SATS,EchoStar,S&P 500,Communication Services,Wireless Telecommunication Services,,wikipedia_sp500,,TRUE,2026-05-25,2026-05-25
ECL,Ecolab,S&P 500,Materials,Specialty Chemicals,,wikipedia_sp500,,TRUE,2026-05-25,2026-05-25
EIX,Edison International,S&P 500,Utilities,Electric Utilities,,wikipedia_sp500,,TRUE,2026-05-25,2026-05-25
EW,Edwards Lifesciences,S&P 500,Health Care,Health Care Equipment,,wikipedia_sp500,,TRUE,2026-05-25,2026-05-25
EA,Electronic Arts,S&P 500,Communication Services,Interactive Home Entertainment,,wikipedia_sp500,,TRUE,2026-05-25,2026-05-25
ELV,Elevance Health,S&P 500,Health Care,Managed Health Care,,wikipedia_sp500,,TRUE,2026-05-25,2026-05-25
EME,Emcor,S&P 500,Industrials,Construction & Engineering,,wikipedia_sp500,,TRUE,2026-05-25,2026-05-25
EMR,Emerson Electric,S&P 500,Industrials,Electrical Components & Equipment,,wikipedia_sp500,,TRUE,2026-05-25,2026-05-25
ETR,Entergy,S&P 500,Utilities,Electric Utilities,,wikipedia_sp500,,TRUE,2026-05-25,2026-05-25
EOG,EOG Resources,S&P 500,Energy,Oil & Gas Exploration & Production,,wikipedia_sp500,,TRUE,2026-05-25,2026-05-25
EPAM,EPAM Systems,S&P 500,Information Technology,IT Consulting & Other Services,,wikipedia_sp500,,TRUE,2026-05-25,2026-05-25
EQT,EQT Corporation,S&P 500,Energy,Oil & Gas Exploration & Production,,wikipedia_sp500,,TRUE,2026-05-25,2026-05-25
EFX,Equifax,S&P 500,Industrials,Research & Consulting Services,,wikipedia_sp500,,TRUE,2026-05-25,2026-05-25
EQIX,Equinix,S&P 500,Real Estate,Data Center REITs,,wikipedia_sp500,,TRUE,2026-05-25,2026-05-25
EQR,Equity Residential,S&P 500,Real Estate,Multi-Family Residential REITs,,wikipedia_sp500,,TRUE,2026-05-25,2026-05-25
ERIE,Erie Indemnity,S&P 500,Financials,Insurance Brokers,,wikipedia_sp500,,TRUE,2026-05-25,2026-05-25
ESS,Essex Property Trust,S&P 500,Real Estate,Multi-Family Residential REITs,,wikipedia_sp500,,TRUE,2026-05-25,2026-05-25
EL,Estée Lauder Companies (The),S&P 500,Consumer Staples,Personal Care Products,,wikipedia_sp500,,TRUE,2026-05-25,2026-05-25
EG,Everest Group,S&P 500,Financials,Reinsurance,,wikipedia_sp500,,TRUE,2026-05-25,2026-05-25
EVRG,Evergy,S&P 500,Utilities,Electric Utilities,,wikipedia_sp500,,TRUE,2026-05-25,2026-05-25
ES,Eversource Energy,S&P 500,Utilities,Electric Utilities,,wikipedia_sp500,,TRUE,2026-05-25,2026-05-25
EXC,Exelon,S&P 500,Utilities,Electric Utilities,,wikipedia_sp500,,TRUE,2026-05-25,2026-05-25
EXE,Expand Energy,S&P 500,Energy,Oil & Gas Exploration & Production,,wikipedia_sp500,,TRUE,2026-05-25,2026-05-25
EXPE,Expedia Group,S&P 500,Consumer Discretionary,"Hotels, Resorts & Cruise Lines",,wikipedia_sp500,,TRUE,2026-05-25,2026-05-25
EXPD,Expeditors International,S&P 500,Industrials,Air Freight & Logistics,,wikipedia_sp500,,TRUE,2026-05-25,2026-05-25
EXR,Extra Space Storage,S&P 500,Real Estate,Self-Storage REITs,,wikipedia_sp500,,TRUE,2026-05-25,2026-05-25
XOM,ExxonMobil,S&P 500,Energy,Integrated Oil & Gas,,wikipedia_sp500,,TRUE,2026-05-25,2026-05-25
FFIV,"F5, Inc.",S&P 500,Information Technology,Communications Equipment,,wikipedia_sp500,,TRUE,2026-05-25,2026-05-25
FDS,FactSet,S&P 500,Financials,Financial Exchanges & Data,,wikipedia_sp500,,TRUE,2026-05-25,2026-05-25
FICO,Fair Isaac,S&P 500,Information Technology,Application Software,,wikipedia_sp500,,TRUE,2026-05-25,2026-05-25
FAST,Fastenal,S&P 500,Industrials,Trading Companies & Distributors,,wikipedia_sp500,,TRUE,2026-05-25,2026-05-25
FRT,Federal Realty Investment Trust,S&P 500,Real Estate,Retail REITs,,wikipedia_sp500,,TRUE,2026-05-25,2026-05-25
FDX,FedEx,S&P 500,Industrials,Air Freight & Logistics,,wikipedia_sp500,,TRUE,2026-05-25,2026-05-25
FIS,Fidelity National Information Services,S&P 500,Financials,Transaction & Payment Processing Services,,wikipedia_sp500,,TRUE,2026-05-25,2026-05-25
FITB,Fifth Third Bancorp,S&P 500,Financials,Regional Banks,,wikipedia_sp500,,TRUE,2026-05-25,2026-05-25
FSLR,First Solar,S&P 500,Information Technology,Semiconductors,,wikipedia_sp500,,TRUE,2026-05-25,2026-05-25
FE,FirstEnergy,S&P 500,Utilities,Electric Utilities,,wikipedia_sp500,,TRUE,2026-05-25,2026-05-25
FISV,Fiserv,S&P 500,Financials,Transaction & Payment Processing Services,,wikipedia_sp500,,TRUE,2026-05-25,2026-05-25
F,Ford Motor Company,S&P 500,Consumer Discretionary,Automobile Manufacturers,,wikipedia_sp500,,TRUE,2026-05-25,2026-05-25
FTNT,Fortinet,S&P 500,Information Technology,Systems Software,,wikipedia_sp500,,TRUE,2026-05-25,2026-05-25
FTV,Fortive,S&P 500,Industrials,Industrial Machinery & Supplies & Components,,wikipedia_sp500,,TRUE,2026-05-25,2026-05-25
FOXA,Fox Corporation (Class A),S&P 500,Communication Services,Broadcasting,,wikipedia_sp500,,TRUE,2026-05-25,2026-05-25
FOX,Fox Corporation (Class B),S&P 500,Communication Services,Broadcasting,,wikipedia_sp500,,TRUE,2026-05-25,2026-05-25
BEN,Franklin Resources,S&P 500,Financials,Asset Management & Custody Banks,,wikipedia_sp500,,TRUE,2026-05-25,2026-05-25
FCX,Freeport-McMoRan,S&P 500,Materials,Copper,,wikipedia_sp500,,TRUE,2026-05-25,2026-05-25
GRMN,Garmin,S&P 500,Consumer Discretionary,Consumer Electronics,,wikipedia_sp500,,TRUE,2026-05-25,2026-05-25
IT,Gartner,S&P 500,Information Technology,IT Consulting & Other Services,,wikipedia_sp500,,TRUE,2026-05-25,2026-05-25
GE,GE Aerospace,S&P 500,Industrials,Aerospace & Defense,,wikipedia_sp500,,TRUE,2026-05-25,2026-05-25
GEHC,GE HealthCare,S&P 500,Health Care,Health Care Equipment,,wikipedia_sp500,,TRUE,2026-05-25,2026-05-25
GEV,GE Vernova,S&P 500,Industrials,Heavy Electrical Equipment,,wikipedia_sp500,,TRUE,2026-05-25,2026-05-25
GEN,Gen Digital,S&P 500,Information Technology,Systems Software,,wikipedia_sp500,,TRUE,2026-05-25,2026-05-25
GNRC,Generac,S&P 500,Industrials,Electrical Components & Equipment,,wikipedia_sp500,,TRUE,2026-05-25,2026-05-25
GD,General Dynamics,S&P 500,Industrials,Aerospace & Defense,,wikipedia_sp500,,TRUE,2026-05-25,2026-05-25
GIS,General Mills,S&P 500,Consumer Staples,Packaged Foods & Meats,,wikipedia_sp500,,TRUE,2026-05-25,2026-05-25
GM,General Motors,S&P 500,Consumer Discretionary,Automobile Manufacturers,,wikipedia_sp500,,TRUE,2026-05-25,2026-05-25
GPC,Genuine Parts Company,S&P 500,Consumer Discretionary,Distributors,,wikipedia_sp500,,TRUE,2026-05-25,2026-05-25
GILD,Gilead Sciences,S&P 500,Health Care,Biotechnology,,wikipedia_sp500,,TRUE,2026-05-25,2026-05-25
GPN,Global Payments,S&P 500,Financials,Transaction & Payment Processing Services,,wikipedia_sp500,,TRUE,2026-05-25,2026-05-25
GL,Globe Life,S&P 500,Financials,Life & Health Insurance,,wikipedia_sp500,,TRUE,2026-05-25,2026-05-25
GDDY,GoDaddy,S&P 500,Information Technology,Internet Services & Infrastructure,,wikipedia_sp500,,TRUE,2026-05-25,2026-05-25
GS,Goldman Sachs,S&P 500,Financials,Investment Banking & Brokerage,,wikipedia_sp500,,TRUE,2026-05-25,2026-05-25
HAL,Halliburton,S&P 500,Energy,Oil & Gas Equipment & Services,,wikipedia_sp500,,TRUE,2026-05-25,2026-05-25
HIG,Hartford (The),S&P 500,Financials,Property & Casualty Insurance,,wikipedia_sp500,,TRUE,2026-05-25,2026-05-25
HAS,Hasbro,S&P 500,Consumer Discretionary,Leisure Products,,wikipedia_sp500,,TRUE,2026-05-25,2026-05-25
HCA,HCA Healthcare,S&P 500,Health Care,Health Care Facilities,,wikipedia_sp500,,TRUE,2026-05-25,2026-05-25
DOC,Healthpeak Properties,S&P 500,Real Estate,Health Care REITs,,wikipedia_sp500,,TRUE,2026-05-25,2026-05-25
HSIC,Henry Schein,S&P 500,Health Care,Health Care Distributors,,wikipedia_sp500,,TRUE,2026-05-25,2026-05-25
HSY,Hershey Company (The),S&P 500,Consumer Staples,Packaged Foods & Meats,,wikipedia_sp500,,TRUE,2026-05-25,2026-05-25
HPE,Hewlett Packard Enterprise,S&P 500,Information Technology,"Technology Hardware, Storage & Peripherals",,wikipedia_sp500,,TRUE,2026-05-25,2026-05-25
HLT,Hilton Worldwide,S&P 500,Consumer Discretionary,"Hotels, Resorts & Cruise Lines",,wikipedia_sp500,,TRUE,2026-05-25,2026-05-25
HD,Home Depot (The),S&P 500,Consumer Discretionary,Home Improvement Retail,,wikipedia_sp500,,TRUE,2026-05-25,2026-05-25
HON,Honeywell,S&P 500,Industrials,Industrial Conglomerates,,wikipedia_sp500,,TRUE,2026-05-25,2026-05-25
HRL,Hormel Foods,S&P 500,Consumer Staples,Packaged Foods & Meats,,wikipedia_sp500,,TRUE,2026-05-25,2026-05-25
HST,Host Hotels & Resorts,S&P 500,Real Estate,Hotel & Resort REITs,,wikipedia_sp500,,TRUE,2026-05-25,2026-05-25
HWM,Howmet Aerospace,S&P 500,Industrials,Aerospace & Defense,,wikipedia_sp500,,TRUE,2026-05-25,2026-05-25
HPQ,HP Inc.,S&P 500,Information Technology,"Technology Hardware, Storage & Peripherals",,wikipedia_sp500,,TRUE,2026-05-25,2026-05-25
HUBB,Hubbell Incorporated,S&P 500,Industrials,Industrial Machinery & Supplies & Components,,wikipedia_sp500,,TRUE,2026-05-25,2026-05-25
HUM,Humana,S&P 500,Health Care,Managed Health Care,,wikipedia_sp500,,TRUE,2026-05-25,2026-05-25
HBAN,Huntington Bancshares,S&P 500,Financials,Regional Banks,,wikipedia_sp500,,TRUE,2026-05-25,2026-05-25
HII,Huntington Ingalls Industries,S&P 500,Industrials,Aerospace & Defense,,wikipedia_sp500,,TRUE,2026-05-25,2026-05-25
IBM,IBM,S&P 500,Information Technology,IT Consulting & Other Services,,wikipedia_sp500,,TRUE,2026-05-25,2026-05-25
IEX,IDEX Corporation,S&P 500,Industrials,Industrial Machinery & Supplies & Components,,wikipedia_sp500,,TRUE,2026-05-25,2026-05-25
IDXX,Idexx Laboratories,S&P 500,Health Care,Health Care Equipment,,wikipedia_sp500,,TRUE,2026-05-25,2026-05-25
ITW,Illinois Tool Works,S&P 500,Industrials,Industrial Machinery & Supplies & Components,,wikipedia_sp500,,TRUE,2026-05-25,2026-05-25
INCY,Incyte,S&P 500,Health Care,Biotechnology,,wikipedia_sp500,,TRUE,2026-05-25,2026-05-25
IR,Ingersoll Rand,S&P 500,Industrials,Industrial Machinery & Supplies & Components,,wikipedia_sp500,,TRUE,2026-05-25,2026-05-25
PODD,Insulet Corporation,S&P 500,Health Care,Health Care Equipment,,wikipedia_sp500,,TRUE,2026-05-25,2026-05-25
INTC,Intel,S&P 500,Information Technology,Semiconductors,,wikipedia_sp500,,TRUE,2026-05-25,2026-05-25
IBKR,Interactive Brokers,S&P 500,Financials,Investment Banking & Brokerage,,wikipedia_sp500,,TRUE,2026-05-25,2026-05-25
ICE,Intercontinental Exchange,S&P 500,Financials,Financial Exchanges & Data,,wikipedia_sp500,,TRUE,2026-05-25,2026-05-25
IFF,International Flavors & Fragrances,S&P 500,Materials,Specialty Chemicals,,wikipedia_sp500,,TRUE,2026-05-25,2026-05-25
IP,International Paper,S&P 500,Materials,Paper & Plastic Packaging Products & Materials,,wikipedia_sp500,,TRUE,2026-05-25,2026-05-25
INTU,Intuit,S&P 500,Information Technology,Application Software,,wikipedia_sp500,,TRUE,2026-05-25,2026-05-25
ISRG,Intuitive Surgical,S&P 500,Health Care,Health Care Equipment,,wikipedia_sp500,,TRUE,2026-05-25,2026-05-25
IVZ,Invesco,S&P 500,Financials,Asset Management & Custody Banks,,wikipedia_sp500,,TRUE,2026-05-25,2026-05-25
INVH,Invitation Homes,S&P 500,Real Estate,Single-Family Residential REITs,,wikipedia_sp500,,TRUE,2026-05-25,2026-05-25
IQV,IQVIA,S&P 500,Health Care,Life Sciences Tools & Services,,wikipedia_sp500,,TRUE,2026-05-25,2026-05-25
IRM,Iron Mountain,S&P 500,Real Estate,Other Specialized REITs,,wikipedia_sp500,,TRUE,2026-05-25,2026-05-25
JBHT,J.B. Hunt,S&P 500,Industrials,Cargo Ground Transportation,,wikipedia_sp500,,TRUE,2026-05-25,2026-05-25
JBL,Jabil,S&P 500,Information Technology,Electronic Manufacturing Services,,wikipedia_sp500,,TRUE,2026-05-25,2026-05-25
JKHY,Jack Henry & Associates,S&P 500,Financials,Transaction & Payment Processing Services,,wikipedia_sp500,,TRUE,2026-05-25,2026-05-25
J,Jacobs Solutions,S&P 500,Industrials,Construction & Engineering,,wikipedia_sp500,,TRUE,2026-05-25,2026-05-25
JNJ,Johnson & Johnson,S&P 500,Health Care,Pharmaceuticals,,wikipedia_sp500,,TRUE,2026-05-25,2026-05-25
JCI,Johnson Controls,S&P 500,Industrials,Building Products,,wikipedia_sp500,,TRUE,2026-05-25,2026-05-25
JPM,JPMorgan Chase,S&P 500,Financials,Diversified Banks,,wikipedia_sp500,,TRUE,2026-05-25,2026-05-25
KVUE,Kenvue,S&P 500,Consumer Staples,Personal Care Products,,wikipedia_sp500,,TRUE,2026-05-25,2026-05-25
KDP,Keurig Dr Pepper,S&P 500,Consumer Staples,Soft Drinks & Non-alcoholic Beverages,,wikipedia_sp500,,TRUE,2026-05-25,2026-05-25
KEY,KeyCorp,S&P 500,Financials,Regional Banks,,wikipedia_sp500,,TRUE,2026-05-25,2026-05-25
KEYS,Keysight Technologies,S&P 500,Information Technology,Electronic Equipment & Instruments,,wikipedia_sp500,,TRUE,2026-05-25,2026-05-25
KMB,Kimberly-Clark,S&P 500,Consumer Staples,Household Products,,wikipedia_sp500,,TRUE,2026-05-25,2026-05-25
KIM,Kimco Realty,S&P 500,Real Estate,Retail REITs,,wikipedia_sp500,,TRUE,2026-05-25,2026-05-25
KMI,Kinder Morgan,S&P 500,Energy,Oil & Gas Storage & Transportation,,wikipedia_sp500,,TRUE,2026-05-25,2026-05-25
KKR,KKR & Co.,S&P 500,Financials,Asset Management & Custody Banks,,wikipedia_sp500,,TRUE,2026-05-25,2026-05-25
KLAC,KLA Corporation,S&P 500,Information Technology,Semiconductor Materials & Equipment,,wikipedia_sp500,,TRUE,2026-05-25,2026-05-25
KHC,Kraft Heinz,S&P 500,Consumer Staples,Packaged Foods & Meats,,wikipedia_sp500,,TRUE,2026-05-25,2026-05-25
KR,Kroger,S&P 500,Consumer Staples,Food Retail,,wikipedia_sp500,,TRUE,2026-05-25,2026-05-25
LHX,L3Harris,S&P 500,Industrials,Aerospace & Defense,,wikipedia_sp500,,TRUE,2026-05-25,2026-05-25
LH,Labcorp,S&P 500,Health Care,Health Care Services,,wikipedia_sp500,,TRUE,2026-05-25,2026-05-25
LRCX,Lam Research,S&P 500,Information Technology,Semiconductor Materials & Equipment,,wikipedia_sp500,,TRUE,2026-05-25,2026-05-25
LVS,Las Vegas Sands,S&P 500,Consumer Discretionary,Casinos & Gaming,,wikipedia_sp500,,TRUE,2026-05-25,2026-05-25
LDOS,Leidos,S&P 500,Industrials,Diversified Support Services,,wikipedia_sp500,,TRUE,2026-05-25,2026-05-25
LEN,Lennar,S&P 500,Consumer Discretionary,Homebuilding,,wikipedia_sp500,,TRUE,2026-05-25,2026-05-25
LII,Lennox International,S&P 500,Industrials,Building Products,,wikipedia_sp500,,TRUE,2026-05-25,2026-05-25
LLY,Lilly (Eli),S&P 500,Health Care,Pharmaceuticals,,wikipedia_sp500,,TRUE,2026-05-25,2026-05-25
LIN,Linde plc,S&P 500,Materials,Industrial Gases,,wikipedia_sp500,,TRUE,2026-05-25,2026-05-25
LYV,Live Nation Entertainment,S&P 500,Communication Services,Movies & Entertainment,,wikipedia_sp500,,TRUE,2026-05-25,2026-05-25
LMT,Lockheed Martin,S&P 500,Industrials,Aerospace & Defense,,wikipedia_sp500,,TRUE,2026-05-25,2026-05-25
L,Loews Corporation,S&P 500,Financials,Multi-line Insurance,,wikipedia_sp500,,TRUE,2026-05-25,2026-05-25
LOW,Lowe's,S&P 500,Consumer Discretionary,Home Improvement Retail,,wikipedia_sp500,,TRUE,2026-05-25,2026-05-25
LULU,Lululemon Athletica,S&P 500,Consumer Discretionary,"Apparel, Accessories & Luxury Goods",,wikipedia_sp500,,TRUE,2026-05-25,2026-05-25
LITE,Lumentum,S&P 500,Information Technology,Communications Equipment,,wikipedia_sp500,,TRUE,2026-05-25,2026-05-25
LYB,LyondellBasell,S&P 500,Materials,Specialty Chemicals,,wikipedia_sp500,,TRUE,2026-05-25,2026-05-25
MTB,M&T Bank,S&P 500,Financials,Regional Banks,,wikipedia_sp500,,TRUE,2026-05-25,2026-05-25
MPC,Marathon Petroleum,S&P 500,Energy,Oil & Gas Refining & Marketing,,wikipedia_sp500,,TRUE,2026-05-25,2026-05-25
MAR,Marriott International,S&P 500,Consumer Discretionary,"Hotels, Resorts & Cruise Lines",,wikipedia_sp500,,TRUE,2026-05-25,2026-05-25
MRSH,Marsh McLennan,S&P 500,Financials,Insurance Brokers,,wikipedia_sp500,,TRUE,2026-05-25,2026-05-25
MLM,Martin Marietta Materials,S&P 500,Materials,Construction Materials,,wikipedia_sp500,,TRUE,2026-05-25,2026-05-25
MAS,Masco,S&P 500,Industrials,Building Products,,wikipedia_sp500,,TRUE,2026-05-25,2026-05-25
MA,Mastercard,S&P 500,Financials,Transaction & Payment Processing Services,,wikipedia_sp500,,TRUE,2026-05-25,2026-05-25
MKC,McCormick & Company,S&P 500,Consumer Staples,Packaged Foods & Meats,,wikipedia_sp500,,TRUE,2026-05-25,2026-05-25
MCD,McDonald's,S&P 500,Consumer Discretionary,Restaurants,,wikipedia_sp500,,TRUE,2026-05-25,2026-05-25
MCK,McKesson Corporation,S&P 500,Health Care,Health Care Distributors,,wikipedia_sp500,,TRUE,2026-05-25,2026-05-25
MDT,Medtronic,S&P 500,Health Care,Health Care Equipment,,wikipedia_sp500,,TRUE,2026-05-25,2026-05-25
MRK,Merck & Co.,S&P 500,Health Care,Pharmaceuticals,,wikipedia_sp500,,TRUE,2026-05-25,2026-05-25
META,Meta Platforms,S&P 500,Communication Services,Interactive Media & Services,,wikipedia_sp500,,TRUE,2026-05-25,2026-05-25
MET,MetLife,S&P 500,Financials,Life & Health Insurance,,wikipedia_sp500,,TRUE,2026-05-25,2026-05-25
MTD,Mettler Toledo,S&P 500,Health Care,Life Sciences Tools & Services,,wikipedia_sp500,,TRUE,2026-05-25,2026-05-25
MGM,MGM Resorts,S&P 500,Consumer Discretionary,Casinos & Gaming,,wikipedia_sp500,,TRUE,2026-05-25,2026-05-25
MCHP,Microchip Technology,S&P 500,Information Technology,Semiconductors,,wikipedia_sp500,,TRUE,2026-05-25,2026-05-25
MU,Micron Technology,S&P 500,Information Technology,Semiconductors,,wikipedia_sp500,,TRUE,2026-05-25,2026-05-25
MSFT,Microsoft,S&P 500,Information Technology,Systems Software,,wikipedia_sp500,,TRUE,2026-05-25,2026-05-25
MAA,Mid-America Apartment Communities,S&P 500,Real Estate,Multi-Family Residential REITs,,wikipedia_sp500,,TRUE,2026-05-25,2026-05-25
MRNA,Moderna,S&P 500,Health Care,Biotechnology,,wikipedia_sp500,,TRUE,2026-05-25,2026-05-25
TAP,Molson Coors Beverage Company,S&P 500,Consumer Staples,Brewers,,wikipedia_sp500,,TRUE,2026-05-25,2026-05-25
MDLZ,Mondelez International,S&P 500,Consumer Staples,Packaged Foods & Meats,,wikipedia_sp500,,TRUE,2026-05-25,2026-05-25
MPWR,Monolithic Power Systems,S&P 500,Information Technology,Semiconductors,,wikipedia_sp500,,TRUE,2026-05-25,2026-05-25
MNST,Monster Beverage,S&P 500,Consumer Staples,Soft Drinks & Non-alcoholic Beverages,,wikipedia_sp500,,TRUE,2026-05-25,2026-05-25
MCO,Moody's Corporation,S&P 500,Financials,Financial Exchanges & Data,,wikipedia_sp500,,TRUE,2026-05-25,2026-05-25
MS,Morgan Stanley,S&P 500,Financials,Investment Banking & Brokerage,,wikipedia_sp500,,TRUE,2026-05-25,2026-05-25
MOS,Mosaic Company (The),S&P 500,Materials,Fertilizers & Agricultural Chemicals,,wikipedia_sp500,,TRUE,2026-05-25,2026-05-25
MSI,Motorola Solutions,S&P 500,Information Technology,Communications Equipment,,wikipedia_sp500,,TRUE,2026-05-25,2026-05-25
MSCI,MSCI Inc.,S&P 500,Financials,Financial Exchanges & Data,,wikipedia_sp500,,TRUE,2026-05-25,2026-05-25
NDAQ,"Nasdaq, Inc.",S&P 500,Financials,Financial Exchanges & Data,,wikipedia_sp500,,TRUE,2026-05-25,2026-05-25
NTAP,NetApp,S&P 500,Information Technology,"Technology Hardware, Storage & Peripherals",,wikipedia_sp500,,TRUE,2026-05-25,2026-05-25
NFLX,Netflix,S&P 500,Communication Services,Movies & Entertainment,,wikipedia_sp500,,TRUE,2026-05-25,2026-05-25
NEM,Newmont,S&P 500,Materials,Gold,,wikipedia_sp500,,TRUE,2026-05-25,2026-05-25
NWSA,News Corp (Class A),S&P 500,Communication Services,Publishing,,wikipedia_sp500,,TRUE,2026-05-25,2026-05-25
NWS,News Corp (Class B),S&P 500,Communication Services,Publishing,,wikipedia_sp500,,TRUE,2026-05-25,2026-05-25
NEE,NextEra Energy,S&P 500,Utilities,Multi-Utilities,,wikipedia_sp500,,TRUE,2026-05-25,2026-05-25
NKE,"Nike, Inc.",S&P 500,Consumer Discretionary,"Apparel, Accessories & Luxury Goods",,wikipedia_sp500,,TRUE,2026-05-25,2026-05-25
NI,NiSource,S&P 500,Utilities,Multi-Utilities,,wikipedia_sp500,,TRUE,2026-05-25,2026-05-25
NDSN,Nordson Corporation,S&P 500,Industrials,Industrial Machinery & Supplies & Components,,wikipedia_sp500,,TRUE,2026-05-25,2026-05-25
NSC,Norfolk Southern,S&P 500,Industrials,Rail Transportation,,wikipedia_sp500,,TRUE,2026-05-25,2026-05-25
NTRS,Northern Trust,S&P 500,Financials,Asset Management & Custody Banks,,wikipedia_sp500,,TRUE,2026-05-25,2026-05-25
NOC,Northrop Grumman,S&P 500,Industrials,Aerospace & Defense,,wikipedia_sp500,,TRUE,2026-05-25,2026-05-25
NCLH,Norwegian Cruise Line Holdings,S&P 500,Consumer Discretionary,"Hotels, Resorts & Cruise Lines",,wikipedia_sp500,,TRUE,2026-05-25,2026-05-25
NRG,NRG Energy,S&P 500,Utilities,Independent Power Producers & Energy Traders,,wikipedia_sp500,,TRUE,2026-05-25,2026-05-25
NUE,Nucor,S&P 500,Materials,Steel,,wikipedia_sp500,,TRUE,2026-05-25,2026-05-25
NVDA,Nvidia,S&P 500,Information Technology,Semiconductors,,wikipedia_sp500,,TRUE,2026-05-25,2026-05-25
NVR,"NVR, Inc.",S&P 500,Consumer Discretionary,Homebuilding,,wikipedia_sp500,,TRUE,2026-05-25,2026-05-25
NXPI,NXP Semiconductors,S&P 500,Information Technology,Semiconductors,,wikipedia_sp500,,TRUE,2026-05-25,2026-05-25
ORLY,O’Reilly Automotive,S&P 500,Consumer Discretionary,Automotive Retail,,wikipedia_sp500,,TRUE,2026-05-25,2026-05-25
OXY,Occidental Petroleum,S&P 500,Energy,Oil & Gas Exploration & Production,,wikipedia_sp500,,TRUE,2026-05-25,2026-05-25
ODFL,Old Dominion,S&P 500,Industrials,Cargo Ground Transportation,,wikipedia_sp500,,TRUE,2026-05-25,2026-05-25
OMC,Omnicom Group,S&P 500,Communication Services,Advertising,,wikipedia_sp500,,TRUE,2026-05-25,2026-05-25
ON,ON Semiconductor,S&P 500,Information Technology,Semiconductors,,wikipedia_sp500,,TRUE,2026-05-25,2026-05-25
OKE,Oneok,S&P 500,Energy,Oil & Gas Storage & Transportation,,wikipedia_sp500,,TRUE,2026-05-25,2026-05-25
ORCL,Oracle Corporation,S&P 500,Information Technology,Application Software,,wikipedia_sp500,,TRUE,2026-05-25,2026-05-25
OTIS,Otis Worldwide,S&P 500,Industrials,Industrial Machinery & Supplies & Components,,wikipedia_sp500,,TRUE,2026-05-25,2026-05-25
PCAR,Paccar,S&P 500,Industrials,Construction Machinery & Heavy Transportation Equipment,,wikipedia_sp500,,TRUE,2026-05-25,2026-05-25
PKG,Packaging Corporation of America,S&P 500,Materials,Paper & Plastic Packaging Products & Materials,,wikipedia_sp500,,TRUE,2026-05-25,2026-05-25
PLTR,Palantir Technologies,S&P 500,Information Technology,Application Software,,wikipedia_sp500,,TRUE,2026-05-25,2026-05-25
PANW,Palo Alto Networks,S&P 500,Information Technology,Systems Software,,wikipedia_sp500,,TRUE,2026-05-25,2026-05-25
PSKY,Paramount Skydance Corporation,S&P 500,Communication Services,Movies & Entertainment,,wikipedia_sp500,,TRUE,2026-05-25,2026-05-25
PH,Parker Hannifin,S&P 500,Industrials,Industrial Machinery & Supplies & Components,,wikipedia_sp500,,TRUE,2026-05-25,2026-05-25
PAYX,Paychex,S&P 500,Industrials,Human Resource & Employment Services,,wikipedia_sp500,,TRUE,2026-05-25,2026-05-25
PYPL,PayPal,S&P 500,Financials,Transaction & Payment Processing Services,,wikipedia_sp500,,TRUE,2026-05-25,2026-05-25
PNR,Pentair,S&P 500,Industrials,Industrial Machinery & Supplies & Components,,wikipedia_sp500,,TRUE,2026-05-25,2026-05-25
PEP,PepsiCo,S&P 500,Consumer Staples,Soft Drinks & Non-alcoholic Beverages,,wikipedia_sp500,,TRUE,2026-05-25,2026-05-25
PFE,Pfizer,S&P 500,Health Care,Pharmaceuticals,,wikipedia_sp500,,TRUE,2026-05-25,2026-05-25
PCG,PG&E Corporation,S&P 500,Utilities,Multi-Utilities,,wikipedia_sp500,,TRUE,2026-05-25,2026-05-25
PM,Philip Morris International,S&P 500,Consumer Staples,Tobacco,,wikipedia_sp500,,TRUE,2026-05-25,2026-05-25
PSX,Phillips 66,S&P 500,Energy,Oil & Gas Refining & Marketing,,wikipedia_sp500,,TRUE,2026-05-25,2026-05-25
PNW,Pinnacle West Capital,S&P 500,Utilities,Multi-Utilities,,wikipedia_sp500,,TRUE,2026-05-25,2026-05-25
PNC,PNC Financial Services,S&P 500,Financials,Diversified Banks,,wikipedia_sp500,,TRUE,2026-05-25,2026-05-25
POOL,Pool Corporation,S&P 500,Consumer Discretionary,Distributors,,wikipedia_sp500,,TRUE,2026-05-25,2026-05-25
PPG,PPG Industries,S&P 500,Materials,Specialty Chemicals,,wikipedia_sp500,,TRUE,2026-05-25,2026-05-25
PPL,PPL Corporation,S&P 500,Utilities,Electric Utilities,,wikipedia_sp500,,TRUE,2026-05-25,2026-05-25
PFG,Principal Financial Group,S&P 500,Financials,Life & Health Insurance,,wikipedia_sp500,,TRUE,2026-05-25,2026-05-25
PG,Procter & Gamble,S&P 500,Consumer Staples,Personal Care Products,,wikipedia_sp500,,TRUE,2026-05-25,2026-05-25
PGR,Progressive Corporation,S&P 500,Financials,Property & Casualty Insurance,,wikipedia_sp500,,TRUE,2026-05-25,2026-05-25
PLD,Prologis,S&P 500,Real Estate,Industrial REITs,,wikipedia_sp500,,TRUE,2026-05-25,2026-05-25
PRU,Prudential Financial,S&P 500,Financials,Life & Health Insurance,,wikipedia_sp500,,TRUE,2026-05-25,2026-05-25
PEG,Public Service Enterprise Group,S&P 500,Utilities,Electric Utilities,,wikipedia_sp500,,TRUE,2026-05-25,2026-05-25
PTC,PTC Inc.,S&P 500,Information Technology,Application Software,,wikipedia_sp500,,TRUE,2026-05-25,2026-05-25
PSA,Public Storage,S&P 500,Real Estate,Self-Storage REITs,,wikipedia_sp500,,TRUE,2026-05-25,2026-05-25
PHM,PulteGroup,S&P 500,Consumer Discretionary,Homebuilding,,wikipedia_sp500,,TRUE,2026-05-25,2026-05-25
PWR,Quanta Services,S&P 500,Industrials,Construction & Engineering,,wikipedia_sp500,,TRUE,2026-05-25,2026-05-25
QCOM,Qualcomm,S&P 500,Information Technology,Semiconductors,,wikipedia_sp500,,TRUE,2026-05-25,2026-05-25
DGX,Quest Diagnostics,S&P 500,Health Care,Health Care Services,,wikipedia_sp500,,TRUE,2026-05-25,2026-05-25
Q,Qnity Electronics,S&P 500,Information Technology,Semiconductor Materials & Equipment,,wikipedia_sp500,,TRUE,2026-05-25,2026-05-25
RL,Ralph Lauren Corporation,S&P 500,Consumer Discretionary,"Apparel, Accessories & Luxury Goods",,wikipedia_sp500,,TRUE,2026-05-25,2026-05-25
RJF,Raymond James Financial,S&P 500,Financials,Investment Banking & Brokerage,,wikipedia_sp500,,TRUE,2026-05-25,2026-05-25
RTX,RTX Corporation,S&P 500,Industrials,Aerospace & Defense,,wikipedia_sp500,,TRUE,2026-05-25,2026-05-25
O,Realty Income,S&P 500,Real Estate,Retail REITs,,wikipedia_sp500,,TRUE,2026-05-25,2026-05-25
REG,Regency Centers,S&P 500,Real Estate,Retail REITs,,wikipedia_sp500,,TRUE,2026-05-25,2026-05-25
REGN,Regeneron Pharmaceuticals,S&P 500,Health Care,Biotechnology,,wikipedia_sp500,,TRUE,2026-05-25,2026-05-25
RF,Regions Financial Corporation,S&P 500,Financials,Regional Banks,,wikipedia_sp500,,TRUE,2026-05-25,2026-05-25
RSG,Republic Services,S&P 500,Industrials,Environmental & Facilities Services,,wikipedia_sp500,,TRUE,2026-05-25,2026-05-25
RMD,ResMed,S&P 500,Health Care,Health Care Equipment,,wikipedia_sp500,,TRUE,2026-05-25,2026-05-25
RVTY,Revvity,S&P 500,Health Care,Health Care Equipment,,wikipedia_sp500,,TRUE,2026-05-25,2026-05-25
HOOD,Robinhood Markets,S&P 500,Financials,Investment Banking & Brokerage,,wikipedia_sp500,,TRUE,2026-05-25,2026-05-25
ROK,Rockwell Automation,S&P 500,Industrials,Electrical Components & Equipment,,wikipedia_sp500,,TRUE,2026-05-25,2026-05-25
ROL,"Rollins, Inc.",S&P 500,Industrials,Environmental & Facilities Services,,wikipedia_sp500,,TRUE,2026-05-25,2026-05-25
ROP,Roper Technologies,S&P 500,Information Technology,Electronic Equipment & Instruments,,wikipedia_sp500,,TRUE,2026-05-25,2026-05-25
ROST,Ross Stores,S&P 500,Consumer Discretionary,Apparel Retail,,wikipedia_sp500,,TRUE,2026-05-25,2026-05-25
RCL,Royal Caribbean Group,S&P 500,Consumer Discretionary,"Hotels, Resorts & Cruise Lines",,wikipedia_sp500,,TRUE,2026-05-25,2026-05-25
SPGI,S&P Global,S&P 500,Financials,Financial Exchanges & Data,,wikipedia_sp500,,TRUE,2026-05-25,2026-05-25
CRM,Salesforce,S&P 500,Information Technology,Application Software,,wikipedia_sp500,,TRUE,2026-05-25,2026-05-25
SNDK,Sandisk,S&P 500,Information Technology,"Technology Hardware, Storage & Peripherals",,wikipedia_sp500,,TRUE,2026-05-25,2026-05-25
SBAC,SBA Communications,S&P 500,Real Estate,Telecom Tower REITs,,wikipedia_sp500,,TRUE,2026-05-25,2026-05-25
SLB,Schlumberger,S&P 500,Energy,Oil & Gas Equipment & Services,,wikipedia_sp500,,TRUE,2026-05-25,2026-05-25
STX,Seagate Technology,S&P 500,Information Technology,"Technology Hardware, Storage & Peripherals",,wikipedia_sp500,,TRUE,2026-05-25,2026-05-25
SRE,Sempra,S&P 500,Utilities,Multi-Utilities,,wikipedia_sp500,,TRUE,2026-05-25,2026-05-25
NOW,ServiceNow,S&P 500,Information Technology,Systems Software,,wikipedia_sp500,,TRUE,2026-05-25,2026-05-25
SHW,Sherwin-Williams,S&P 500,Materials,Specialty Chemicals,,wikipedia_sp500,,TRUE,2026-05-25,2026-05-25
SPG,Simon Property Group,S&P 500,Real Estate,Retail REITs,,wikipedia_sp500,,TRUE,2026-05-25,2026-05-25
SWKS,Skyworks Solutions,S&P 500,Information Technology,Semiconductors,,wikipedia_sp500,,TRUE,2026-05-25,2026-05-25
SJM,J.M. Smucker Company (The),S&P 500,Consumer Staples,Packaged Foods & Meats,,wikipedia_sp500,,TRUE,2026-05-25,2026-05-25
SW,Smurfit Westrock,S&P 500,Materials,Paper & Plastic Packaging Products & Materials,,wikipedia_sp500,,TRUE,2026-05-25,2026-05-25
SNA,Snap-on,S&P 500,Industrials,Industrial Machinery & Supplies & Components,,wikipedia_sp500,,TRUE,2026-05-25,2026-05-25
SOLV,Solventum,S&P 500,Health Care,Health Care Technology,,wikipedia_sp500,,TRUE,2026-05-25,2026-05-25
SO,Southern Company,S&P 500,Utilities,Electric Utilities,,wikipedia_sp500,,TRUE,2026-05-25,2026-05-25
LUV,Southwest Airlines,S&P 500,Industrials,Passenger Airlines,,wikipedia_sp500,,TRUE,2026-05-25,2026-05-25
SWK,Stanley Black & Decker,S&P 500,Industrials,Industrial Machinery & Supplies & Components,,wikipedia_sp500,,TRUE,2026-05-25,2026-05-25
SBUX,Starbucks,S&P 500,Consumer Discretionary,Restaurants,,wikipedia_sp500,,TRUE,2026-05-25,2026-05-25
STT,State Street Corporation,S&P 500,Financials,Asset Management & Custody Banks,,wikipedia_sp500,,TRUE,2026-05-25,2026-05-25
STLD,Steel Dynamics,S&P 500,Materials,Steel,,wikipedia_sp500,,TRUE,2026-05-25,2026-05-25
STE,Steris,S&P 500,Health Care,Health Care Equipment,,wikipedia_sp500,,TRUE,2026-05-25,2026-05-25
SYK,Stryker Corporation,S&P 500,Health Care,Health Care Equipment,,wikipedia_sp500,,TRUE,2026-05-25,2026-05-25
SMCI,Supermicro,S&P 500,Information Technology,"Technology Hardware, Storage & Peripherals",,wikipedia_sp500,,TRUE,2026-05-25,2026-05-25
SYF,Synchrony Financial,S&P 500,Financials,Consumer Finance,,wikipedia_sp500,,TRUE,2026-05-25,2026-05-25
SNPS,Synopsys,S&P 500,Information Technology,Application Software,,wikipedia_sp500,,TRUE,2026-05-25,2026-05-25
SYY,Sysco,S&P 500,Consumer Staples,Food Distributors,,wikipedia_sp500,,TRUE,2026-05-25,2026-05-25
TMUS,T-Mobile US,S&P 500,Communication Services,Wireless Telecommunication Services,,wikipedia_sp500,,TRUE,2026-05-25,2026-05-25
TROW,T. Rowe Price,S&P 500,Financials,Asset Management & Custody Banks,,wikipedia_sp500,,TRUE,2026-05-25,2026-05-25
TTWO,Take-Two Interactive,S&P 500,Communication Services,Interactive Home Entertainment,,wikipedia_sp500,,TRUE,2026-05-25,2026-05-25
TPR,"Tapestry, Inc.",S&P 500,Consumer Discretionary,"Apparel, Accessories & Luxury Goods",,wikipedia_sp500,,TRUE,2026-05-25,2026-05-25
TRGP,Targa Resources,S&P 500,Energy,Oil & Gas Storage & Transportation,,wikipedia_sp500,,TRUE,2026-05-25,2026-05-25
TGT,Target Corporation,S&P 500,Consumer Staples,Consumer Staples Merchandise Retail,,wikipedia_sp500,,TRUE,2026-05-25,2026-05-25
TEL,TE Connectivity,S&P 500,Information Technology,Electronic Manufacturing Services,,wikipedia_sp500,,TRUE,2026-05-25,2026-05-25
TDY,Teledyne Technologies,S&P 500,Information Technology,Electronic Equipment & Instruments,,wikipedia_sp500,,TRUE,2026-05-25,2026-05-25
TER,Teradyne,S&P 500,Information Technology,Semiconductor Materials & Equipment,,wikipedia_sp500,,TRUE,2026-05-25,2026-05-25
TSLA,"Tesla, Inc.",S&P 500,Consumer Discretionary,Automobile Manufacturers,,wikipedia_sp500,,TRUE,2026-05-25,2026-05-25
TXN,Texas Instruments,S&P 500,Information Technology,Semiconductors,,wikipedia_sp500,,TRUE,2026-05-25,2026-05-25
TPL,Texas Pacific Land Corporation,S&P 500,Energy,Oil & Gas Exploration & Production,,wikipedia_sp500,,TRUE,2026-05-25,2026-05-25
TXT,Textron,S&P 500,Industrials,Aerospace & Defense,,wikipedia_sp500,,TRUE,2026-05-25,2026-05-25
TMO,Thermo Fisher Scientific,S&P 500,Health Care,Life Sciences Tools & Services,,wikipedia_sp500,,TRUE,2026-05-25,2026-05-25
TJX,TJX Companies,S&P 500,Consumer Discretionary,Apparel Retail,,wikipedia_sp500,,TRUE,2026-05-25,2026-05-25
TKO,TKO Group Holdings,S&P 500,Communication Services,Movies & Entertainment,,wikipedia_sp500,,TRUE,2026-05-25,2026-05-25
TTD,Trade Desk (The),S&P 500,Communication Services,Advertising,,wikipedia_sp500,,TRUE,2026-05-25,2026-05-25
TSCO,Tractor Supply,S&P 500,Consumer Discretionary,Other Specialty Retail,,wikipedia_sp500,,TRUE,2026-05-25,2026-05-25
TT,Trane Technologies,S&P 500,Industrials,Building Products,,wikipedia_sp500,,TRUE,2026-05-25,2026-05-25
TDG,TransDigm Group,S&P 500,Industrials,Aerospace & Defense,,wikipedia_sp500,,TRUE,2026-05-25,2026-05-25
TRV,Travelers Companies (The),S&P 500,Financials,Property & Casualty Insurance,,wikipedia_sp500,,TRUE,2026-05-25,2026-05-25
TRMB,Trimble Inc.,S&P 500,Information Technology,Application Software,,wikipedia_sp500,,TRUE,2026-05-25,2026-05-25
TFC,Truist Financial,S&P 500,Financials,Diversified Banks,,wikipedia_sp500,,TRUE,2026-05-25,2026-05-25
TYL,Tyler Technologies,S&P 500,Information Technology,Application Software,,wikipedia_sp500,,TRUE,2026-05-25,2026-05-25
TSN,Tyson Foods,S&P 500,Consumer Staples,Packaged Foods & Meats,,wikipedia_sp500,,TRUE,2026-05-25,2026-05-25
USB,U.S. Bancorp,S&P 500,Financials,Diversified Banks,,wikipedia_sp500,,TRUE,2026-05-25,2026-05-25
UBER,Uber,S&P 500,Industrials,Passenger Ground Transportation,,wikipedia_sp500,,TRUE,2026-05-25,2026-05-25
UDR,"UDR, Inc.",S&P 500,Real Estate,Multi-Family Residential REITs,,wikipedia_sp500,,TRUE,2026-05-25,2026-05-25
ULTA,Ulta Beauty,S&P 500,Consumer Discretionary,Other Specialty Retail,,wikipedia_sp500,,TRUE,2026-05-25,2026-05-25
UNP,Union Pacific Corporation,S&P 500,Industrials,Rail Transportation,,wikipedia_sp500,,TRUE,2026-05-25,2026-05-25
UAL,United Airlines Holdings,S&P 500,Industrials,Passenger Airlines,,wikipedia_sp500,,TRUE,2026-05-25,2026-05-25
UPS,United Parcel Service,S&P 500,Industrials,Air Freight & Logistics,,wikipedia_sp500,,TRUE,2026-05-25,2026-05-25
URI,United Rentals,S&P 500,Industrials,Trading Companies & Distributors,,wikipedia_sp500,,TRUE,2026-05-25,2026-05-25
UNH,UnitedHealth Group,S&P 500,Health Care,Managed Health Care,,wikipedia_sp500,,TRUE,2026-05-25,2026-05-25
UHS,Universal Health Services,S&P 500,Health Care,Health Care Facilities,,wikipedia_sp500,,TRUE,2026-05-25,2026-05-25
VLO,Valero Energy,S&P 500,Energy,Oil & Gas Refining & Marketing,,wikipedia_sp500,,TRUE,2026-05-25,2026-05-25
VEEV,Veeva Systems,S&P 500,Health Care,Health Care Technology,,wikipedia_sp500,,TRUE,2026-05-25,2026-05-25
VTR,Ventas,S&P 500,Real Estate,Health Care REITs,,wikipedia_sp500,,TRUE,2026-05-25,2026-05-25
VLTO,Veralto,S&P 500,Industrials,Environmental & Facilities Services,,wikipedia_sp500,,TRUE,2026-05-25,2026-05-25
VRSN,Verisign,S&P 500,Information Technology,Internet Services & Infrastructure,,wikipedia_sp500,,TRUE,2026-05-25,2026-05-25
VRSK,Verisk Analytics,S&P 500,Industrials,Research & Consulting Services,,wikipedia_sp500,,TRUE,2026-05-25,2026-05-25
VZ,Verizon,S&P 500,Communication Services,Integrated Telecommunication Services,,wikipedia_sp500,,TRUE,2026-05-25,2026-05-25
VRTX,Vertex Pharmaceuticals,S&P 500,Health Care,Biotechnology,,wikipedia_sp500,,TRUE,2026-05-25,2026-05-25
VRT,Vertiv,S&P 500,Industrials,Electrical Components & Equipment,,wikipedia_sp500,,TRUE,2026-05-25,2026-05-25
VTRS,Viatris,S&P 500,Health Care,Pharmaceuticals,,wikipedia_sp500,,TRUE,2026-05-25,2026-05-25
VICI,Vici Properties,S&P 500,Real Estate,Hotel & Resort REITs,,wikipedia_sp500,,TRUE,2026-05-25,2026-05-25
V,Visa Inc.,S&P 500,Financials,Transaction & Payment Processing Services,,wikipedia_sp500,,TRUE,2026-05-25,2026-05-25
VST,Vistra Corp.,S&P 500,Utilities,Electric Utilities,,wikipedia_sp500,,TRUE,2026-05-25,2026-05-25
VMC,Vulcan Materials Company,S&P 500,Materials,Construction Materials,,wikipedia_sp500,,TRUE,2026-05-25,2026-05-25
WRB,W. R. Berkley Corporation,S&P 500,Financials,Property & Casualty Insurance,,wikipedia_sp500,,TRUE,2026-05-25,2026-05-25
GWW,W. W. Grainger,S&P 500,Industrials,Industrial Machinery & Supplies & Components,,wikipedia_sp500,,TRUE,2026-05-25,2026-05-25
WAB,Wabtec,S&P 500,Industrials,Construction Machinery & Heavy Transportation Equipment,,wikipedia_sp500,,TRUE,2026-05-25,2026-05-25
WMT,Walmart,S&P 500,Consumer Staples,Consumer Staples Merchandise Retail,,wikipedia_sp500,,TRUE,2026-05-25,2026-05-25
DIS,Walt Disney Company (The),S&P 500,Communication Services,Movies & Entertainment,,wikipedia_sp500,,TRUE,2026-05-25,2026-05-25
WBD,Warner Bros. Discovery,S&P 500,Communication Services,Broadcasting,,wikipedia_sp500,,TRUE,2026-05-25,2026-05-25
WM,Waste Management,S&P 500,Industrials,Environmental & Facilities Services,,wikipedia_sp500,,TRUE,2026-05-25,2026-05-25
WAT,Waters Corporation,S&P 500,Health Care,Life Sciences Tools & Services,,wikipedia_sp500,,TRUE,2026-05-25,2026-05-25
WEC,WEC Energy Group,S&P 500,Utilities,Electric Utilities,,wikipedia_sp500,,TRUE,2026-05-25,2026-05-25
WFC,Wells Fargo,S&P 500,Financials,Diversified Banks,,wikipedia_sp500,,TRUE,2026-05-25,2026-05-25
WELL,Welltower,S&P 500,Real Estate,Health Care REITs,,wikipedia_sp500,,TRUE,2026-05-25,2026-05-25
WST,West Pharmaceutical Services,S&P 500,Health Care,Health Care Supplies,,wikipedia_sp500,,TRUE,2026-05-25,2026-05-25
WDC,Western Digital,S&P 500,Information Technology,"Technology Hardware, Storage & Peripherals",,wikipedia_sp500,,TRUE,2026-05-25,2026-05-25
WY,Weyerhaeuser,S&P 500,Real Estate,Timber REITs,,wikipedia_sp500,,TRUE,2026-05-25,2026-05-25
WSM,"Williams-Sonoma, Inc.",S&P 500,Consumer Discretionary,Homefurnishing Retail,,wikipedia_sp500,,TRUE,2026-05-25,2026-05-25
WMB,Williams Companies,S&P 500,Energy,Oil & Gas Storage & Transportation,,wikipedia_sp500,,TRUE,2026-05-25,2026-05-25
WTW,Willis Towers Watson,S&P 500,Financials,Insurance Brokers,,wikipedia_sp500,,TRUE,2026-05-25,2026-05-25
WDAY,"Workday, Inc.",S&P 500,Information Technology,Application Software,,wikipedia_sp500,,TRUE,2026-05-25,2026-05-25
WYNN,Wynn Resorts,S&P 500,Consumer Discretionary,Casinos & Gaming,,wikipedia_sp500,,TRUE,2026-05-25,2026-05-25
XEL,Xcel Energy,S&P 500,Utilities,Multi-Utilities,,wikipedia_sp500,,TRUE,2026-05-25,2026-05-25
XYL,Xylem Inc.,S&P 500,Industrials,Industrial Machinery & Supplies & Components,,wikipedia_sp500,,TRUE,2026-05-25,2026-05-25
YUM,Yum! Brands,S&P 500,Consumer Discretionary,Restaurants,,wikipedia_sp500,,TRUE,2026-05-25,2026-05-25
ZBRA,Zebra Technologies,S&P 500,Information Technology,Electronic Equipment & Instruments,,wikipedia_sp500,,TRUE,2026-05-25,2026-05-25
ZBH,Zimmer Biomet,S&P 500,Health Care,Health Care Equipment,,wikipedia_sp500,,TRUE,2026-05-25,2026-05-25
ZTS,Zoetis,S&P 500,Health Care,Pharmaceuticals,,wikipedia_sp500,,TRUE,2026-05-25,2026-05-25
ADBE,Adobe Inc.,Nasdaq-100,Computer Software,Technology,,wikipedia_nasdaq100,,TRUE,2026-05-25,2026-05-25
AMD,Advanced Micro Devices,Nasdaq-100,Semiconductors,Technology,,wikipedia_nasdaq100,,TRUE,2026-05-25,2026-05-25
ABNB,Airbnb,Nasdaq-100,Diversified Commercial Services,Consumer Discretionary,,wikipedia_nasdaq100,,TRUE,2026-05-25,2026-05-25
ALNY,Alnylam Pharmaceuticals,Nasdaq-100,Biotechnology,Health Care,,wikipedia_nasdaq100,,TRUE,2026-05-25,2026-05-25
GOOGL,Alphabet Inc. (Class A),Nasdaq-100,Computer Software,Technology,,wikipedia_nasdaq100,,TRUE,2026-05-25,2026-05-25
GOOG,Alphabet Inc. (Class C),Nasdaq-100,Computer Software,Technology,,wikipedia_nasdaq100,,TRUE,2026-05-25,2026-05-25
AMZN,Amazon,Nasdaq-100,Catalog/Specialty Distribution,Consumer Discretionary,,wikipedia_nasdaq100,,TRUE,2026-05-25,2026-05-25
AEP,American Electric Power,Nasdaq-100,Electric Utilities,Utilities,,wikipedia_nasdaq100,,TRUE,2026-05-25,2026-05-25
AMGN,Amgen,Nasdaq-100,Biotechnology,Health Care,,wikipedia_nasdaq100,,TRUE,2026-05-25,2026-05-25
ADI,Analog Devices,Nasdaq-100,Semiconductors,Technology,,wikipedia_nasdaq100,,TRUE,2026-05-25,2026-05-25
AAPL,Apple Inc.,Nasdaq-100,Computer Manufacturing,Technology,,wikipedia_nasdaq100,,TRUE,2026-05-25,2026-05-25
AMAT,Applied Materials,Nasdaq-100,Semiconductors,Technology,,wikipedia_nasdaq100,,TRUE,2026-05-25,2026-05-25
APP,AppLovin,Nasdaq-100,Computer Software,Technology,,wikipedia_nasdaq100,,TRUE,2026-05-25,2026-05-25
ARM,Arm Holdings,Nasdaq-100,Semiconductors,Technology,,wikipedia_nasdaq100,,TRUE,2026-05-25,2026-05-25
ASML,ASML Holding,Nasdaq-100,Industrial Machinery,Technology,,wikipedia_nasdaq100,,TRUE,2026-05-25,2026-05-25
ADSK,Autodesk,Nasdaq-100,Computer Software,Technology,,wikipedia_nasdaq100,,TRUE,2026-05-25,2026-05-25
ADP,Automatic Data Processing,Nasdaq-100,Diversified Commercial Services,Industrials,,wikipedia_nasdaq100,,TRUE,2026-05-25,2026-05-25
AXON,Axon Enterprise,Nasdaq-100,Ordnance & Accessories,Industrials,,wikipedia_nasdaq100,,TRUE,2026-05-25,2026-05-25
BKR,Baker Hughes,Nasdaq-100,Oil Equipment & Services,Energy,,wikipedia_nasdaq100,,TRUE,2026-05-25,2026-05-25
BKNG,Booking Holdings,Nasdaq-100,Transportation Services,Consumer Discretionary,,wikipedia_nasdaq100,,TRUE,2026-05-25,2026-05-25
AVGO,Broadcom,Nasdaq-100,Semiconductors,Technology,,wikipedia_nasdaq100,,TRUE,2026-05-25,2026-05-25
CDNS,Cadence Design Systems,Nasdaq-100,Computer Software,Technology,,wikipedia_nasdaq100,,TRUE,2026-05-25,2026-05-25
CHTR,Charter Communications,Nasdaq-100,Cable & Other Pay Television Services,Telecommunications,,wikipedia_nasdaq100,,TRUE,2026-05-25,2026-05-25
CTAS,Cintas,Nasdaq-100,Garments & Clothing,Industrials,,wikipedia_nasdaq100,,TRUE,2026-05-25,2026-05-25
CSCO,Cisco,Nasdaq-100,Computer Communications Equipment,Telecommunications,,wikipedia_nasdaq100,,TRUE,2026-05-25,2026-05-25
CCEP,Coca-Cola Europacific Partners,Nasdaq-100,Soft Drinks,Consumer Staples,,wikipedia_nasdaq100,,TRUE,2026-05-25,2026-05-25
CTSH,Cognizant,Nasdaq-100,EDP Services,Technology,,wikipedia_nasdaq100,,TRUE,2026-05-25,2026-05-25
CMCSA,Comcast,Nasdaq-100,Cable & Other Pay Television Services,Telecommunications,,wikipedia_nasdaq100,,TRUE,2026-05-25,2026-05-25
CEG,Constellation Energy,Nasdaq-100,Electric Utilities,Utilities,,wikipedia_nasdaq100,,TRUE,2026-05-25,2026-05-25
CPRT,Copart,Nasdaq-100,Retail,Consumer Discretionary,,wikipedia_nasdaq100,,TRUE,2026-05-25,2026-05-25
COST,Costco,Nasdaq-100,Department/Specialty Retail Stores,Consumer Discretionary,,wikipedia_nasdaq100,,TRUE,2026-05-25,2026-05-25
CRWD,CrowdStrike,Nasdaq-100,Computer Software,Technology,,wikipedia_nasdaq100,,TRUE,2026-05-25,2026-05-25
CSX,CSX Corporation,Nasdaq-100,Railroads,Industrials,,wikipedia_nasdaq100,,TRUE,2026-05-25,2026-05-25
DDOG,Datadog,Nasdaq-100,Computer Software,Technology,,wikipedia_nasdaq100,,TRUE,2026-05-25,2026-05-25
DXCM,DexCom,Nasdaq-100,Medical/Dental Instruments,Health Care,,wikipedia_nasdaq100,,TRUE,2026-05-25,2026-05-25
FANG,Diamondback Energy,Nasdaq-100,Oil & Gas Production,Energy,,wikipedia_nasdaq100,,TRUE,2026-05-25,2026-05-25
DASH,DoorDash,Nasdaq-100,EDP Services,Technology,,wikipedia_nasdaq100,,TRUE,2026-05-25,2026-05-25
EA,Electronic Arts,Nasdaq-100,Miscellaneous Amusement & Recreation Services,Consumer Discretionary,,wikipedia_nasdaq100,,TRUE,2026-05-25,2026-05-25
EXC,Exelon,Nasdaq-100,Power Generation,Utilities,,wikipedia_nasdaq100,,TRUE,2026-05-25,2026-05-25
FAST,Fastenal,Nasdaq-100,Construction & Materials,Industrials,,wikipedia_nasdaq100,,TRUE,2026-05-25,2026-05-25
FER,Ferrovial,Nasdaq-100,"Military, Government, Technical",Industrials,,wikipedia_nasdaq100,,TRUE,2026-05-25,2026-05-25
FTNT,Fortinet,Nasdaq-100,Computer Peripheral Equipment,Technology,,wikipedia_nasdaq100,,TRUE,2026-05-25,2026-05-25
GEHC,GE HealthCare,Nasdaq-100,Medical Electronics,Health Care,,wikipedia_nasdaq100,,TRUE,2026-05-25,2026-05-25
GILD,Gilead Sciences,Nasdaq-100,Biotechnology,Health Care,,wikipedia_nasdaq100,,TRUE,2026-05-25,2026-05-25
HON,Honeywell,Nasdaq-100,Aerospace,Industrials,,wikipedia_nasdaq100,,TRUE,2026-05-25,2026-05-25
IDXX,Idexx Laboratories,Nasdaq-100,Biotechnology,Health Care,,wikipedia_nasdaq100,,TRUE,2026-05-25,2026-05-25
INSM,Insmed Incorporated,Nasdaq-100,Biotechnology,Health Care,,wikipedia_nasdaq100,,TRUE,2026-05-25,2026-05-25
INTC,Intel,Nasdaq-100,Semiconductors,Technology,,wikipedia_nasdaq100,,TRUE,2026-05-25,2026-05-25
INTU,Intuit,Nasdaq-100,Computer Software,Technology,,wikipedia_nasdaq100,,TRUE,2026-05-25,2026-05-25
ISRG,Intuitive Surgical,Nasdaq-100,Industrial Specialties,Health Care,,wikipedia_nasdaq100,,TRUE,2026-05-25,2026-05-25
KDP,Keurig Dr Pepper,Nasdaq-100,Soft Drinks,Consumer Staples,,wikipedia_nasdaq100,,TRUE,2026-05-25,2026-05-25
KLAC,KLA Corporation,Nasdaq-100,Electronic Components,Technology,,wikipedia_nasdaq100,,TRUE,2026-05-25,2026-05-25
KHC,Kraft Heinz,Nasdaq-100,Packaged Foods,Consumer Staples,,wikipedia_nasdaq100,,TRUE,2026-05-25,2026-05-25
LRCX,Lam Research,Nasdaq-100,Industrial Machinery,Technology,,wikipedia_nasdaq100,,TRUE,2026-05-25,2026-05-25
LIN,Linde plc,Nasdaq-100,Major Chemicals,Basic Materials,,wikipedia_nasdaq100,,TRUE,2026-05-25,2026-05-25
LITE,Lumentum,Nasdaq-100,Communication Equipment,Technology,,wikipedia_nasdaq100,,TRUE,2026-05-25,2026-05-25
MAR,Marriott International,Nasdaq-100,Hotels/Resorts,Consumer Discretionary,,wikipedia_nasdaq100,,TRUE,2026-05-25,2026-05-25
MRVL,Marvell Technology,Nasdaq-100,Semiconductors,Technology,,wikipedia_nasdaq100,,TRUE,2026-05-25,2026-05-25
MELI,Mercado Libre,Nasdaq-100,Catalog/Specialty Distribution,Consumer Discretionary,,wikipedia_nasdaq100,,TRUE,2026-05-25,2026-05-25
META,Meta Platforms,Nasdaq-100,Computer Software,Technology,,wikipedia_nasdaq100,,TRUE,2026-05-25,2026-05-25
MCHP,Microchip Technology,Nasdaq-100,Semiconductors,Technology,,wikipedia_nasdaq100,,TRUE,2026-05-25,2026-05-25
MU,Micron Technology,Nasdaq-100,Semiconductors,Technology,,wikipedia_nasdaq100,,TRUE,2026-05-25,2026-05-25
MSFT,Microsoft,Nasdaq-100,Computer Software,Technology,,wikipedia_nasdaq100,,TRUE,2026-05-25,2026-05-25
MSTR,MicroStrategy,Nasdaq-100,Computer Software,Technology,,wikipedia_nasdaq100,,TRUE,2026-05-25,2026-05-25
MDLZ,Mondelez International,Nasdaq-100,Packaged Foods,Consumer Staples,,wikipedia_nasdaq100,,TRUE,2026-05-25,2026-05-25
MPWR,Monolithic Power Systems,Nasdaq-100,Semiconductors,Technology,,wikipedia_nasdaq100,,TRUE,2026-05-25,2026-05-25
MNST,Monster Beverage,Nasdaq-100,Soft Drinks,Consumer Staples,,wikipedia_nasdaq100,,TRUE,2026-05-25,2026-05-25
NFLX,"Netflix, Inc.",Nasdaq-100,Consumer Electronics,Consumer Discretionary,,wikipedia_nasdaq100,,TRUE,2026-05-25,2026-05-25
NVDA,Nvidia,Nasdaq-100,Semiconductors,Technology,,wikipedia_nasdaq100,,TRUE,2026-05-25,2026-05-25
NXPI,NXP Semiconductors,Nasdaq-100,Semiconductors,Technology,,wikipedia_nasdaq100,,TRUE,2026-05-25,2026-05-25
ORLY,O'Reilly Automotive,Nasdaq-100,Auto & Home Supply Stores,Consumer Discretionary,,wikipedia_nasdaq100,,TRUE,2026-05-25,2026-05-25
ODFL,Old Dominion Freight Line,Nasdaq-100,Trucking Freight/Courier Services,Industrials,,wikipedia_nasdaq100,,TRUE,2026-05-25,2026-05-25
PCAR,Paccar,Nasdaq-100,Motor Vehicles,Consumer Discretionary,,wikipedia_nasdaq100,,TRUE,2026-05-25,2026-05-25
PLTR,Palantir Technologies,Nasdaq-100,Computer Software,Technology,,wikipedia_nasdaq100,,TRUE,2026-05-25,2026-05-25
PANW,Palo Alto Networks,Nasdaq-100,Computer Peripheral Equipment,Technology,,wikipedia_nasdaq100,,TRUE,2026-05-25,2026-05-25
PAYX,Paychex,Nasdaq-100,Diversified Commercial Services,Industrials,,wikipedia_nasdaq100,,TRUE,2026-05-25,2026-05-25
PYPL,PayPal,Nasdaq-100,Diversified Commercial Services,Industrials,,wikipedia_nasdaq100,,TRUE,2026-05-25,2026-05-25
PDD,PDD Holdings,Nasdaq-100,EDP Services,Technology,,wikipedia_nasdaq100,,TRUE,2026-05-25,2026-05-25
PEP,PepsiCo,Nasdaq-100,Soft Drinks,Consumer Staples,,wikipedia_nasdaq100,,TRUE,2026-05-25,2026-05-25
QCOM,Qualcomm,Nasdaq-100,Broadcasting & Communications Equipment,Technology,,wikipedia_nasdaq100,,TRUE,2026-05-25,2026-05-25
REGN,Regeneron Pharmaceuticals,Nasdaq-100,Biotechnology,Health Care,,wikipedia_nasdaq100,,TRUE,2026-05-25,2026-05-25
ROP,Roper Technologies,Nasdaq-100,Computer Software,Technology,,wikipedia_nasdaq100,,TRUE,2026-05-25,2026-05-25
ROST,Ross Stores,Nasdaq-100,Clothing/Shoe/Accessory Stores,Consumer Discretionary,,wikipedia_nasdaq100,,TRUE,2026-05-25,2026-05-25
SNDK,Sandisk,Nasdaq-100,Electronic Components,Technology,,wikipedia_nasdaq100,,TRUE,2026-05-25,2026-05-25
STX,Seagate Technology,Nasdaq-100,Electronic Components,Technology,,wikipedia_nasdaq100,,TRUE,2026-05-25,2026-05-25
SHOP,Shopify,Nasdaq-100,Computer Software,Technology,,wikipedia_nasdaq100,,TRUE,2026-05-25,2026-05-25
SBUX,Starbucks,Nasdaq-100,Restaurants,Consumer Discretionary,,wikipedia_nasdaq100,,TRUE,2026-05-25,2026-05-25
SNPS,Synopsys,Nasdaq-100,Computer Software,Technology,,wikipedia_nasdaq100,,TRUE,2026-05-25,2026-05-25
TMUS,T-Mobile US,Nasdaq-100,Telecommunications Service Providers,Telecommunications,,wikipedia_nasdaq100,,TRUE,2026-05-25,2026-05-25
TTWO,Take-Two Interactive,Nasdaq-100,Miscellaneous Amusement & Recreation Services,Consumer Discretionary,,wikipedia_nasdaq100,,TRUE,2026-05-25,2026-05-25
TSLA,"Tesla, Inc.",Nasdaq-100,Automobiles & Parts,Consumer Discretionary,,wikipedia_nasdaq100,,TRUE,2026-05-25,2026-05-25
TXN,Texas Instruments,Nasdaq-100,Semiconductors,Technology,,wikipedia_nasdaq100,,TRUE,2026-05-25,2026-05-25
TRI,Thomson Reuters,Nasdaq-100,Computer Software,Technology,,wikipedia_nasdaq100,,TRUE,2026-05-25,2026-05-25
VRSK,Verisk Analytics,Nasdaq-100,Diversified Commercial Services,Industrials,,wikipedia_nasdaq100,,TRUE,2026-05-25,2026-05-25
VRTX,Vertex Pharmaceuticals,Nasdaq-100,Biotechnology,Health Care,,wikipedia_nasdaq100,,TRUE,2026-05-25,2026-05-25
WMT,Walmart,Nasdaq-100,Department/Specialty Retail Stores,Consumer Discretionary,,wikipedia_nasdaq100,,TRUE,2026-05-25,2026-05-25
WBD,Warner Bros. Discovery,Nasdaq-100,Miscellaneous Amusement & Recreation Services,Consumer Discretionary,,wikipedia_nasdaq100,,TRUE,2026-05-25,2026-05-25
WDC,Western Digital,Nasdaq-100,Electronic Components,Technology,,wikipedia_nasdaq100,,TRUE,2026-05-25,2026-05-25
WDAY,"Workday, Inc.",Nasdaq-100,EDP Services,Technology,,wikipedia_nasdaq100,,TRUE,2026-05-25,2026-05-25
XEL,Xcel Energy,Nasdaq-100,Power Generation,Utilities,,wikipedia_nasdaq100,,TRUE,2026-05-25,2026-05-25
ZS,Zscaler,Nasdaq-100,EDP Services,Technology,,wikipedia_nasdaq100,,TRUE,2026-05-25,2026-05-25
MMM,3M,Dow 30,Industrials,,,wikipedia_dow30,,TRUE,2026-05-25,2026-05-25
AXP,American Express,Dow 30,Financials,,,wikipedia_dow30,,TRUE,2026-05-25,2026-05-25
AMGN,Amgen,Dow 30,Health Care,,,wikipedia_dow30,,TRUE,2026-05-25,2026-05-25
AMZN,Amazon,Dow 30,Consumer Discretionary,,,wikipedia_dow30,,TRUE,2026-05-25,2026-05-25
AAPL,Apple,Dow 30,Information Technology,,,wikipedia_dow30,,TRUE,2026-05-25,2026-05-25
BA,Boeing,Dow 30,Industrials,,,wikipedia_dow30,,TRUE,2026-05-25,2026-05-25
CAT,Caterpillar,Dow 30,Industrials,,,wikipedia_dow30,,TRUE,2026-05-25,2026-05-25
CVX,Chevron,Dow 30,Energy,,,wikipedia_dow30,,TRUE,2026-05-25,2026-05-25
CSCO,Cisco,Dow 30,Information Technology,,,wikipedia_dow30,,TRUE,2026-05-25,2026-05-25
KO,Coca-Cola,Dow 30,Consumer Staples,,,wikipedia_dow30,,TRUE,2026-05-25,2026-05-25
DIS,Disney,Dow 30,Communication Services,,,wikipedia_dow30,,TRUE,2026-05-25,2026-05-25
GS,Goldman Sachs,Dow 30,Financials,,,wikipedia_dow30,,TRUE,2026-05-25,2026-05-25
HD,Home Depot,Dow 30,Consumer Discretionary,,,wikipedia_dow30,,TRUE,2026-05-25,2026-05-25
HON,Honeywell,Dow 30,Industrials,,,wikipedia_dow30,,TRUE,2026-05-25,2026-05-25
IBM,IBM,Dow 30,Information Technology,,,wikipedia_dow30,,TRUE,2026-05-25,2026-05-25
JNJ,Johnson & Johnson,Dow 30,Health Care,,,wikipedia_dow30,,TRUE,2026-05-25,2026-05-25
JPM,JPMorgan Chase,Dow 30,Financials,,,wikipedia_dow30,,TRUE,2026-05-25,2026-05-25
MCD,McDonald's,Dow 30,Consumer Discretionary,,,wikipedia_dow30,,TRUE,2026-05-25,2026-05-25
MRK,Merck,Dow 30,Health Care,,,wikipedia_dow30,,TRUE,2026-05-25,2026-05-25
MSFT,Microsoft,Dow 30,Information Technology,,,wikipedia_dow30,,TRUE,2026-05-25,2026-05-25
NKE,Nike,Dow 30,Consumer Discretionary,,,wikipedia_dow30,,TRUE,2026-05-25,2026-05-25
NVDA,Nvidia,Dow 30,Information Technology,,,wikipedia_dow30,,TRUE,2026-05-25,2026-05-25
PG,Procter & Gamble,Dow 30,Consumer Staples,,,wikipedia_dow30,,TRUE,2026-05-25,2026-05-25
CRM,Salesforce,Dow 30,Information Technology,,,wikipedia_dow30,,TRUE,2026-05-25,2026-05-25
SHW,Sherwin-Williams,Dow 30,Materials,,,wikipedia_dow30,,TRUE,2026-05-25,2026-05-25
TRV,"Travelers Companies, Inc.",Dow 30,Financials,,,wikipedia_dow30,,TRUE,2026-05-25,2026-05-25
UNH,UnitedHealth Group,Dow 30,Health Care,,,wikipedia_dow30,,TRUE,2026-05-25,2026-05-25
VZ,Verizon,Dow 30,Communication Services,,,wikipedia_dow30,,TRUE,2026-05-25,2026-05-25
V,Visa,Dow 30,Financials,,,wikipedia_dow30,,TRUE,2026-05-25,2026-05-25
WMT,Walmart,Dow 30,Consumer Staples,,,wikipedia_dow30,,TRUE,2026-05-25,2026-05-25
